,date,sentiment_index,count
0,01-25,0.0,0.0
1,02-01,0.0,1.0
2,08-17,0.0,0.0
3,08-24,0.0,0.0
4,08-31,0.0,0.0
5,09-07,1.0,9.0
6,09-14,0.0,0.0
7,09-21,0.0,0.0
8,09-28,0.0,0.0
9,10-05,1.0,2.0
10,10-12,1.0,4.0
11,10-19,0.0,0.0
12,10-26,1.0,4.0
13,11-02,0.0,0.0
14,11-09,0.0,0.0
15,11-16,0.5,4.0
16,11-23,0.8636,22.0
17,11-30,0.0,0.0
18,12-07,0.0,0.0
19,12-08,0.0,0.0
20,12-14,0.0,0.0
21,12-21,1.0,8.0
22,12-28,0.0,0.0
23,01-04,0.0,0.0
24,01-11,0.6667,3.0
25,01-18,0.4615,13.0
26,02-08,1.0,3.0
27,02-15,0.0,0.0
28,02-22,0.0,1.0
29,02-29,0.0,0.0
30,03-01,0.0,0.0
31,03-08,0.0,0.0
32,03-15,1.0,9.0
33,03-22,0.875,16.0
34,03-29,1.0,2.0
35,04-05,0.0,0.0
36,04-12,1.0,2.0
37,04-19,0.5,2.0
38,04-26,0.9231,13.0
39,05-03,0.7059,17.0
40,05-10,1.0,13.0
41,05-17,0.5455,11.0
42,05-24,0.6667,3.0
43,05-31,0.6,10.0
44,06-07,0.0,0.0
45,06-14,1.0,5.0
46,06-21,0.0,0.0
47,06-28,1.0,2.0
48,07-05,0.75,4.0
49,07-12,0.0,0.0
50,07-19,0.0,0.0
51,07-26,0.0,0.0
52,08-02,0.0,2.0
53,08-09,0.5,2.0
55,08-16,0.0,0.0
56,08-23,1.0,3.0
57,08-30,1.0,1.0
58,09-04,0.8333,6.0
59,09-06,0.0,0.0
60,09-13,0.0,0.0
61,09-20,1.0,8.0
62,09-27,0.0,0.0
63,10-04,0.0,0.0
64,10-11,0.7143,7.0
65,10-16,0.75,4.0
66,10-18,0.0,0.0
67,10-25,0.0,0.0
68,10-29,0.0,1.0
69,11-01,0.0,1.0
70,11-08,0.0,1.0
71,11-15,1.0,1.0
72,11-22,0.6667,3.0
73,11-29,1.0,9.0
74,12-06,0.0,2.0
75,12-09,0.0,0.0
76,12-10,0.0,0.0
77,12-11,1.0,5.0
78,12-12,0.6667,3.0
79,12-13,0.0,0.0
80,12-20,0.0,1.0
81,12-27,0.0,0.0
82,01-03,0.0,0.0
83,01-10,0.0,0.0
84,01-17,0.0,0.0
85,01-24,1.0,2.0
86,01-31,0.0,0.0
87,02-07,1.0,4.0
88,02-14,0.0,1.0
89,02-21,0.0,0.0
90,02-28,0.0,2.0
91,03-07,0.2,5.0
92,03-14,0.0,0.0
93,03-21,0.0,0.0
94,03-28,1.0,1.0
95,04-04,0.0,0.0
96,04-11,0.0,0.0
97,04-18,0.0,0.0
98,04-25,0.0,0.0
99,05-02,0.0,0.0
100,05-09,1.0,3.0
101,05-16,0.0,0.0
102,05-23,0.0,0.0
103,05-30,-1.0,1.0
104,06-06,0.0,0.0
105,06-13,0.0,0.0
106,06-20,0.0,1.0
107,06-27,0.0,0.0
108,07-04,0.75,4.0
109,07-11,1.0,5.0
110,07-18,0.0,0.0
111,07-25,1.0,1.0
112,08-01,0.0,1.0
113,08-07,-0.3333,3.0
114,08-08,0.0,0.0
115,08-13,1.0,3.0
116,08-14,1.0,2.0
117,08-15,0.875,16.0
118,08-18,1.0,1.0
119,08-19,0.0,0.0
120,08-20,0.5,2.0
121,08-21,1.0,2.0
122,08-22,1.0,7.0
123,08-25,1.0,2.0
124,08-26,0.0,1.0
125,08-27,0.3333,3.0
126,08-28,0.6,5.0
127,08-29,0.4667,15.0
128,09-01,0.5,6.0
129,09-02,0.0,0.0
130,09-03,0.0,1.0
131,09-05,0.0,0.0
132,09-08,0.0,0.0
133,09-09,0.0,0.0
134,09-10,0.0,0.0
135,09-11,1.0,10.0
136,09-12,0.0,0.0
137,09-15,0.0,0.0
138,09-16,1.0,3.0
139,09-17,0.0,1.0
140,09-18,0.0,0.0
141,09-19,0.7857,14.0
142,09-22,0.0,0.0
143,09-23,0.0,0.0
144,09-24,0.0,0.0
145,09-25,0.0,0.0
146,09-26,0.0,0.0
147,09-29,0.0,0.0
148,09-30,0.0,0.0
149,10-01,0.0,1.0
150,10-02,0.0,0.0
151,10-03,0.0,0.0
152,10-06,1.0,1.0
153,10-07,0.0,0.0
154,10-08,1.0,4.0
155,10-09,0.8571,7.0
156,10-10,1.0,3.0
157,10-13,0.0,0.0
158,10-14,1.0,1.0
159,10-15,1.0,2.0
160,10-17,0.0,0.0
161,10-20,0.0,0.0
162,10-21,0.0,1.0
163,10-22,0.0,0.0
164,10-23,0.0,0.0
165,10-24,0.75,4.0
166,10-27,0.0,0.0
167,10-28,0.5,2.0
168,10-30,0.5,2.0
169,10-31,0.0,1.0
170,11-03,0.3333,9.0
171,11-04,0.0,2.0
172,11-05,0.3333,9.0
173,11-06,0.0,1.0
174,11-07,0.0,0.0
175,11-10,1.0,3.0
176,11-11,0.0,0.0
177,11-12,1.0,5.0
178,11-13,0.0,0.0
179,11-14,0.0,0.0
180,11-17,0.25,4.0
181,11-18,1.0,4.0
182,11-19,1.0,2.0
183,11-20,0.0,0.0
184,11-21,0.75,4.0
185,11-24,0.0,0.0
186,11-25,1.0,5.0
187,11-26,0.0,0.0
188,11-27,0.3333,3.0
189,11-28,0.0,0.0
190,12-01,0.6,5.0
191,12-02,0.0,0.0
192,12-03,1.0,2.0
193,12-04,0.0,0.0
194,12-05,0.0,1.0
195,12-15,0.0,0.0
196,12-16,1.0,1.0
197,12-17,0.0,0.0
198,12-18,0.0,0.0
199,12-19,0.6667,6.0
200,12-22,0.7143,7.0
201,12-23,0.0,0.0
202,12-24,1.0,1.0
203,12-25,1.0,2.0
204,12-26,0.0,0.0
205,12-29,0.3333,3.0
206,12-30,0.0,1.0
207,12-31,1.0,1.0
208,01-01,0.5,4.0
209,01-02,1.0,7.0
210,01-05,0.75,4.0
211,01-06,0.6,5.0
212,01-07,1.0,6.0
213,01-08,0.0,0.0
214,01-09,1.0,7.0
215,01-12,1.0,11.0
216,01-13,0.8333,6.0
217,01-14,0.5,2.0
218,01-15,1.0,5.0
219,01-16,0.0,0.0
220,01-19,0.0,0.0
221,01-20,1.0,1.0
222,01-21,0.0,0.0
223,01-22,0.0,0.0
224,01-23,0.0,0.0
225,01-26,1.0,1.0
226,01-27,0.0,0.0
227,01-28,0.8333,6.0
228,01-29,1.0,8.0
229,01-30,1.0,3.0
230,02-02,0.0,0.0
231,02-03,0.0,0.0
232,02-04,0.0,0.0
233,02-05,0.75,4.0
234,02-06,0.0,0.0
235,02-09,0.8333,6.0
236,02-10,0.9444,18.0
237,02-11,0.75,4.0
238,02-12,0.0,0.0
239,02-13,0.0,1.0
240,02-16,1.0,2.0
241,02-17,0.0,0.0
242,02-18,0.0,0.0
243,02-19,0.0,0.0
244,02-20,0.0,0.0
245,02-23,0.0,0.0
246,02-24,0.0,1.0
247,02-25,0.0,1.0
248,02-26,0.6,5.0
249,02-27,0.0,3.0
250,03-02,0.0,0.0
251,03-03,0.0,0.0
252,03-04,0.0,0.0
253,03-05,0.0,0.0
254,03-06,0.0,0.0
255,03-09,1.0,3.0
256,03-10,1.0,10.0
257,03-11,1.0,6.0
258,03-12,1.0,4.0
259,03-13,0.0,0.0
260,03-16,1.0,6.0
261,03-17,0.625,8.0
262,03-18,0.0,0.0
263,03-19,0.6667,6.0
264,03-20,0.75,20.0
265,03-23,0.0,0.0
266,03-24,0.8182,11.0
267,03-25,0.0,0.0
268,03-26,0.0,0.0
269,03-27,1.0,1.0
270,03-30,0.0,0.0
271,03-31,0.0,0.0
272,04-01,0.0,0.0
273,04-02,0.0,0.0
274,04-03,1.0,2.0
275,04-06,0.0,0.0
276,04-07,0.0,0.0
277,04-08,0.0,2.0
278,04-09,1.0,7.0
279,04-10,0.7333,15.0
280,04-13,1.0,4.0
281,04-14,0.0,0.0
282,04-15,0.0,0.0
283,04-16,0.0,0.0
284,04-17,0.0,0.0
285,04-20,0.8,5.0
286,04-21,0.0,0.0
287,04-22,0.5,2.0
288,04-23,0.8889,9.0
289,04-24,0.0,0.0
290,04-27,1.0,1.0
291,04-28,1.0,1.0
292,04-29,0.8889,9.0
293,04-30,0.0,0.0
294,05-01,0.0,1.0
295,05-04,0.0,0.0
296,05-05,1.0,1.0
297,05-06,0.0,1.0
298,05-07,0.0,0.0
299,05-08,0.0,0.0
300,05-11,0.875,8.0
301,05-12,1.0,1.0
302,05-13,1.0,2.0
303,05-14,1.0,2.0
304,05-15,0.0,0.0
305,05-18,1.0,2.0
306,05-19,0.0,0.0
307,05-20,0.0,0.0
308,05-21,0.0,0.0
309,05-22,0.9231,13.0
310,05-25,0.6667,9.0
311,05-26,1.0,3.0
312,05-27,0.6364,11.0
313,05-28,0.0,0.0
314,05-29,0.0,0.0
315,06-01,0.0,0.0
316,06-02,0.0,0.0
317,06-03,0.0,0.0
318,06-04,0.0,0.0
319,06-05,0.0,0.0
320,06-08,1.0,4.0
321,06-09,0.0,0.0
322,06-10,1.0,9.0
323,06-11,0.0,0.0
324,06-12,0.0,0.0
325,06-15,0.5,2.0
326,06-16,1.0,3.0
327,06-17,0.0,0.0
328,06-18,0.0,0.0
329,06-19,1.0,2.0
330,06-22,0.0,1.0
331,06-23,0.0,0.0
332,06-24,0.3333,12.0
333,06-25,1.0,1.0
334,06-26,0.0,0.0
335,06-29,1.0,1.0
336,06-30,0.0,0.0
337,07-01,0.5,2.0
338,07-02,1.0,4.0
339,07-03,1.0,1.0
340,07-06,1.0,4.0
341,07-07,1.0,5.0
342,07-08,0.75,4.0
343,07-09,1.0,7.0
344,07-10,0.0,1.0
345,07-13,0.0,0.0
346,07-14,0.0,0.0
347,07-15,0.0,0.0
348,07-16,0.0,0.0
349,07-17,1.0,2.0
350,07-20,1.0,4.0
351,07-21,0.0,0.0
352,07-22,0.0,0.0
353,07-23,0.0,0.0
354,07-24,0.0,1.0
355,07-27,0.0,0.0
356,07-28,0.0,0.0
357,07-29,0.0,0.0
358,07-30,0.0,1.0
359,07-31,0.0,1.0
360,08-03,0.0,2.0
361,08-04,0.0,1.0
362,08-05,0.5,4.0
363,08-06,0.0,1.0
364,08-10,1.0,13.0
365,08-11,1.0,5.0
366,08-12,0.6667,3.0
